n_A,n_C,mean_A,sd_A,mean_C,sd_C,mean_diff_C_minus_A,cohens_d,hedges_g,t_stat,p_ttest,eta_squared,U_stat,p_mannwhitney,rank_biserial_r,n_per_group_power80,n_per_group_power90
8,7,0.6197916666666666,0.16731644171051052,0.7464285714285716,0.13427248612094933,0.12663690476190492,0.8279355235600576,0.7792334339388778,1.624760971467821,0.12833431498259276,0.1695859395816353,40.5,0.16112494928905186,-0.4464285714285714,24,32
